id,station_id,sort_order,name,dose,session_type,primary_pillar,secondary_pillar,load,where_setting,best_with,courage
RS0001,run,1,1 km repeats at goal race pace,"8 × 1 km, 90 s rest",Race pace,Threshold,Durability,High,Outdoor or track,Solo OK,
RS0002,run,2,Run–station bricks,1 km + station × 4,Compromised (brick),Fatigue Management,Threshold,High,Gym,Solo OK,
RS0003,run,3,1 km run off sled push,1 km,Compromised (brick),Fatigue Management,Threshold,High,Gym,Solo OK,
RS0004,run,4,1 km run off sandbag lunges,1 km,Compromised (brick),Fatigue Management,Threshold,High,Outdoor or track,Solo OK,
RS0005,run,5,1 km run off farmers carry,"1 km, fatigued grip",Compromised (brick),Fatigue Management,Threshold,Moderate,Outdoor or track,Solo OK,
RS0006,run,6,Roxzone entry and exit drills,,Transition,Economy,,Low,Gym,Solo OK,
RS0007,run,7,Pace-lock 1 km,"Controlled first 200 m, hold goal split",Strategy & pacing,Economy,Threshold,Moderate,Outdoor or track,Solo OK,
RS0008,run,8,Tempo run with wall balls,30 wall balls every 1 km,Compromised (brick),Fatigue Management,Threshold,High,Gym,Solo OK,
RS0009,run,9,Half race simulation,4 runs + 4 stations,Simulation,Durability,Threshold,High,Gym,Group,Race rehearsal
RS0010,run,10,Full race simulation,8 runs + 8 stations,Simulation,Durability,Threshold,High,Gym,Group,Race rehearsal
RS0011,run,11,1 km run off SkiErg,After 1000 m SkiErg,Compromised (brick),Fatigue Management,Threshold,High,Gym,Solo OK,
RS0012,run,12,1 km run off row,After 1000 m row,Compromised (brick),Fatigue Management,Threshold,High,Gym,Solo OK,
RS0013,run,13,1 km run off burpee broad jumps,1 km,Compromised (brick),Fatigue Management,Threshold,High,Outdoor or track,Solo OK,
RS0014,run,14,Race-start rehearsal,Controlled first 1 km,Strategy & pacing,Economy,Fatigue Management,Moderate,Outdoor or track,Solo OK,Race rehearsal
RS0015,run,15,Lap-counting practice,Race course layout,Transition,Economy,,Low,Outdoor or track,Solo OK,
RS0016,run,16,Race-week sharpener,4 × 1 km at goal pace,Race prep,Threshold,Fatigue Management,Moderate,Outdoor or track,Solo OK,Race rehearsal
RS0017,run,17,Negative-split 1 km repeats,8 × 1 km,Race pace,Threshold,Durability,High,Outdoor or track,Solo OK,
RS0018,run,18,1 km repeats with station work as recovery,3 min station work between,Compromised (brick),Fatigue Management,Durability,High,Gym,Solo OK,
RS0019,run,19,Indoor venue surface run,,Race prep,Economy,,Low,Outdoor or track,Solo OK,Race rehearsal
RS0020,run,20,Fuelling practice during race simulation,,Race prep,Fatigue Management,Durability,Moderate,Gym,Solo OK,
RS0021,run,21,2 km finish run off row,After 2 km row (Paladin Endurance),Compromised (brick),Fatigue Management,Durability,High,Gym,Solo OK,
RS0022,run,22,2 km repeats at goal pace,3 × 2 km,Race pace,Threshold,Durability,High,Outdoor or track,Solo OK,
RS0023,run,23,1 km build after a station,Easy → goal pace,Compromised (brick),Fatigue Management,Economy,Moderate,Gym,Solo OK,
RS0024,run,24,Treadmill 1 km repeats at race gradient,,Race pace,Threshold,Economy,High,Gym,Solo OK,
RS0025,run,25,Race-pace 1 km with surge,200 m surge,Race pace,Threshold,,High,Outdoor or track,Solo OK,Finish surge
RS0026,run,26,Heavy-leg long run,Lunges before and after,Compromised (brick),Durability,Aerobic Engine,High,Outdoor or track,Solo OK,
RS0027,run,27,RPE-only 1 km,"Pace by feel, no watch",Strategy & pacing,Economy,Threshold,Moderate,Outdoor or track,Solo OK,
RS0028,run,28,Weighted-vest 1 km repeats,Overload,Overload,Durability,Balanced Athleticism,High,Outdoor or track,Solo OK,Overload
RS0029,run,29,Race-morning shakeout rehearsal,,Race prep,Fatigue Management,Economy,Low,Outdoor or track,Solo OK,Race rehearsal
RS0030,run,30,Compromised 5 km,1 km run + 30 s of each station,Compromised (brick),Fatigue Management,Durability,High,Gym,Solo OK,
RS0031,shortrun,1,400 m repeats at race pace,"12 × 400 m, 60 s rest",Race pace,Threshold,Durability,High,Outdoor or track,Solo OK,
RS0032,shortrun,2,500 m repeats at race pace,"10 × 500 m, 90 s rest (DEKA FIT)",Race pace,Threshold,Durability,High,Gym,Solo OK,
RS0033,shortrun,3,800 m repeats at race pace,4 × 800 m (Paladin legs),Race pace,Threshold,,High,Gym,Solo OK,
RS0034,shortrun,4,400 m run–KB deadlift–400 m run,60 KB deadlifts between,Compromised (brick),Fatigue Management,Threshold,High,Outdoor or track,Solo OK,
RS0035,shortrun,5,400 m run off farmers carry,,Compromised (brick),Fatigue Management,Threshold,Moderate,Outdoor or track,Solo OK,
RS0036,shortrun,6,400 m run off bear crawl,,Compromised (brick),Fatigue Management,Threshold,Moderate,Outdoor or track,Solo OK,
RS0037,shortrun,7,500 m run off air bike,,Compromised (brick),Fatigue Management,Threshold,High,Gym,Solo OK,
RS0038,shortrun,8,500 m run off RAM reverse lunges,,Compromised (brick),Fatigue Management,Threshold,Moderate,Gym,Solo OK,
RS0039,shortrun,9,800 m run off BikeErg,,Compromised (brick),Fatigue Management,Threshold,High,Gym,Solo OK,
RS0040,shortrun,10,Settle drill,Race pace within 100 m of leaving a station,Strategy & pacing,Economy,Fatigue Management,Moderate,Gym,Solo OK,
RS0041,shortrun,11,Even 400 m splits,Within ±3 s,Strategy & pacing,Economy,Threshold,Moderate,Outdoor or track,Solo OK,
RS0042,shortrun,12,Doubles 400 m hand-off relay,,Doubles,Threshold,,High,Outdoor or track,Partner or group,
RS0043,shortrun,13,Half Deadly Dozen simulation,6 × 400 m + 6 labours,Simulation,Durability,Threshold,High,Gym,Group,Race rehearsal
RS0044,shortrun,14,Full Deadly Dozen simulation,12 × 400 m + 12 labours,Simulation,Durability,Threshold,High,Gym,Group,Race rehearsal
RS0045,shortrun,15,DEKA FIT simulation,10 × 500 m + 10 zones,Simulation,Durability,Threshold,High,Gym,Group,Race rehearsal
RS0046,shortrun,16,Paladin Warrior simulation,800 m legs + zones,Simulation,Durability,Threshold,High,Gym,Group,Race rehearsal
RS0047,shortrun,17,Short-course lap counting,,Transition,Economy,,Low,Outdoor or track,Solo OK,
RS0048,shortrun,18,Transition-zone entry and exit drill,,Transition,Economy,,Low,Outdoor or track,Solo OK,
RS0049,shortrun,19,"Quick start, then settle","Quick first 100 m, then settle to pace",Strategy & pacing,Economy,Threshold,Moderate,Outdoor or track,Solo OK,
RS0050,shortrun,20,400 m repeats with station reps between,20 reps of a station between each,Compromised (brick),Fatigue Management,Threshold,High,Gym,Solo OK,
RS0051,shortrun,21,400 m repeats alternating race pace and float,,Race pace,Threshold,Aerobic Engine,High,Outdoor or track,Solo OK,
RS0052,shortrun,22,400 m run + KB swings,4 × (400 m + 60 swings),Compromised (brick),Fatigue Management,Durability,High,Outdoor or track,Solo OK,
RS0053,shortrun,23,DEKA MILE simulation,,Simulation,Durability,Threshold,High,Gym,Group,Race rehearsal
RS0054,shortrun,24,500 m run off med ball sit-ups,Hold race pace,Compromised (brick),Fatigue Management,Threshold,Moderate,Outdoor or track,Solo OK,
RS0055,shortrun,25,Negative-split final 400 m drill,,Strategy & pacing,Economy,Threshold,Moderate,Outdoor or track,Solo OK,
RS0056,ski,1,SkiErg time trial,1000 m,Test / time trial,Threshold,,High,Gym,Coach or partner,Test
RS0057,ski,2,SkiErg at goal split,1000 m at goal 500 m split,Race pace,Threshold,,High,Gym,Solo OK,
RS0058,ski,3,SkiErg race-pace repeats,"2 × 500 m, 60 s rest",Race pace,Threshold,,High,Gym,Solo OK,
RS0059,ski,4,SkiErg goal-split repeats,"4 × 250 m, 30 s rest",Race pace,Threshold,Economy,High,Gym,Solo OK,
RS0060,ski,5,SkiErg goal pace + surge,800 m goal pace + 200 m surge,Race pace,Threshold,,High,Gym,Solo OK,Finish surge
RS0061,ski,6,Hard run into SkiErg,1 km hard run + 1000 m ski,Compromised (brick),Fatigue Management,Threshold,High,Gym,Solo OK,
RS0062,ski,7,Run–ski–run,1 km run → 1000 m ski → 1 km run,Compromised (brick),Fatigue Management,Threshold,High,Gym,Solo OK,
RS0063,ski,8,SkiErg straight into sled push,,Compromised (brick),Fatigue Management,Durability,High,Gym,Solo OK,
RS0064,ski,9,SkiErg damper and pacing rehearsal,,Strategy & pacing,Economy,,Moderate,Gym,Solo OK,Race rehearsal
RS0065,ski,10,SkiErg breathing rhythm at race pace,Exhale on pull,Technique & standards,Economy,,Moderate,Gym,Coach helpful,
RS0066,ski,11,SkiErg race-pace repeats,"3 × 1000 m, 3 min rest",Race pace,Threshold,Durability,High,Gym,Solo OK,
RS0067,ski,12,SkiErg split consistency,Every 250 m within 2 s,Strategy & pacing,Economy,Threshold,Moderate,Gym,Solo OK,
RS0068,ski,13,SkiErg station entry and fast start,,Transition,Economy,,Low,Gym,Solo OK,
RS0069,ski,14,SkiErg after wall balls,After 50 wall balls (upper-body pre-fatigue),Compromised (brick),Fatigue Management,Durability,High,Gym,Solo OK,
RS0070,ski,15,Ski → run → sled push,Race order,Compromised (brick),Fatigue Management,Durability,High,Gym,Solo OK,
RS0071,ski,16,Race-day warm-up rehearsal,,Race prep,Economy,Fatigue Management,Low,Gym,Solo OK,Race rehearsal
RS0072,ski,17,SkiErg hand position and handle-height test,,Technique & standards,Economy,,Low,Gym,Coach helpful,
RS0073,ski,18,SkiErg even vs negative split comparison,2 × 1000 m,Strategy & pacing,Economy,Threshold,High,Gym,Solo OK,
RS0074,ski,19,SkiErg doubles alternating,250 m above race pace,Doubles,Threshold,,High,Gym,Partner or group,
RS0075,ski,20,SkiErg at end of threshold run,After threshold run session,Compromised (brick),Durability,Fatigue Management,High,Gym,Solo OK,
RS0076,row,1,Row time trial,1000 m,Test / time trial,Threshold,,High,Gym,Coach or partner,Test
RS0077,row,2,Row at goal split,1000 m at goal 500 m split,Race pace,Threshold,,High,Gym,Solo OK,
RS0078,row,3,Row negative split,1000 m,Strategy & pacing,Economy,Threshold,High,Gym,Solo OK,
RS0079,row,4,Row race-pace repeats,2 × 500 m,Race pace,Threshold,,High,Gym,Solo OK,
RS0080,row,5,Row stroke-rate lock,At race rate,Technique & standards,Economy,Threshold,Moderate,Gym,Coach helpful,
RS0081,row,6,Row controlled start,First 250 m (heart-rate settle),Strategy & pacing,Economy,Fatigue Management,Moderate,Gym,Solo OK,
RS0082,row,7,Row fast setup,Feet strapped in under 10 s,Transition,Economy,,Low,Gym,Solo OK,
RS0083,row,8,Burpee broad jumps → row,,Compromised (brick),Fatigue Management,Threshold,High,Gym,Solo OK,
RS0084,row,9,Run → row → run,,Compromised (brick),Fatigue Management,Threshold,High,Gym,Solo OK,
RS0085,row,10,Row straight into farmers carry,,Compromised (brick),Fatigue Management,Durability,High,Gym,Solo OK,
RS0086,row,11,Row race-pace repeats,3 × 1000 m,Race pace,Threshold,Durability,High,Gym,Solo OK,
RS0087,row,12,Row → 1 km run pace check,,Compromised (brick),Fatigue Management,Economy,Moderate,Gym,Solo OK,
RS0088,row,13,Row split consistency,Every 250 m within 2 s,Strategy & pacing,Economy,Threshold,Moderate,Gym,Solo OK,
RS0089,row,14,Row race-day damper setting,,Technique & standards,Economy,,Low,Gym,Coach helpful,
RS0090,row,15,Row fast unstrap and exit,,Transition,Economy,,Low,Gym,Solo OK,
RS0091,row,16,Row from raised heart rate,After 2 min burpees,Compromised (brick),Fatigue Management,Threshold,High,Gym,Solo OK,
RS0092,row,17,Row doubles alternating,250 m,Doubles,Threshold,,High,Gym,Partner or group,
RS0093,row,18,Row negative-split repeats,2 × 500 m,Strategy & pacing,Economy,Threshold,High,Gym,Solo OK,
RS0094,row,19,Row finishing surge,Last 200 m,Strategy & pacing,Threshold,,High,Gym,Solo OK,Finish surge
RS0095,row,20,Row breathing rhythm,Two breaths per stroke,Technique & standards,Economy,,Moderate,Gym,Coach helpful,
RS0096,bike,1,BikeErg time trial,2000 m,Test / time trial,Threshold,,High,Gym,Coach or partner,Test
RS0097,bike,2,BikeErg time trial,4000 m,Test / time trial,Threshold,Durability,High,Gym,Coach or partner,Test
RS0098,bike,3,BikeErg at goal split,2000 m,Race pace,Threshold,,High,Gym,Solo OK,
RS0099,bike,4,BikeErg even-paced at goal power,4000 m,Race pace,Threshold,Durability,High,Gym,Solo OK,
RS0100,bike,5,BikeErg race-pace repeats,6 × 800 m (Deadly ERG 2),Race pace,Threshold,,High,Gym,Solo OK,
RS0101,bike,6,BikeErg time trial,1.6 km (Deadly ERG),Test / time trial,Threshold,,High,Gym,Coach or partner,Test
RS0102,bike,7,BikeErg → box overs,2000 m bike → 50 box overs (Paladin Zone 2),Compromised (brick),Fatigue Management,Threshold,High,Gym,Solo OK,
RS0103,bike,8,SkiErg → BikeErg transition,,Transition,Economy,Fatigue Management,Moderate,Gym,Solo OK,
RS0104,bike,9,BikeErg → dead-ball lunges,Leg fatigue,Compromised (brick),Fatigue Management,Durability,High,Gym,Solo OK,
RS0105,bike,10,BikeErg → 800 m run,,Compromised (brick),Fatigue Management,Threshold,High,Gym,Solo OK,
RS0106,bike,11,BikeErg negative split,2000 m,Strategy & pacing,Economy,Threshold,High,Gym,Solo OK,
RS0107,bike,12,BikeErg cadence lock at race rpm,,Technique & standards,Economy,,Moderate,Gym,Coach helpful,
RS0108,bike,13,BikeErg stay-seated finish,Hand signal to judge,Technique & standards,Economy,,Low,Gym,Coach or partner,
RS0109,bike,14,BikeErg fast setup,Saddle adjusted in under 15 s,Transition,Economy,,Low,Gym,Solo OK,
RS0110,bike,15,BikeErg damper selection test,,Technique & standards,Economy,,Low,Gym,Coach helpful,
RS0111,bike,16,BikeErg from raised heart rate,After 1 km ski,Compromised (brick),Fatigue Management,Threshold,High,Gym,Solo OK,
RS0112,bike,17,BikeErg final surge,Last 500 m,Strategy & pacing,Threshold,,High,Gym,Solo OK,Finish surge
RS0113,bike,18,BikeErg fuelling and hydration practice,4000 m,Race prep,Fatigue Management,Durability,Moderate,Gym,Solo OK,
RS0114,bike,19,BikeErg doubles alternating,500 m,Doubles,Threshold,,High,Gym,Partner or group,
RS0115,bike,20,Paladin Endurance Zone 2 simulation,4000 m bike + 100 m lunges,Simulation,Durability,Fatigue Management,High,Gym,Group,Race rehearsal
RS0116,airbike,1,Air bike for time,24 cal,Test / time trial,Threshold,,High,Gym,Coach or partner,Test
RS0117,airbike,2,Air bike for time,25 cal,Test / time trial,Threshold,,High,Gym,Coach or partner,Test
RS0118,airbike,3,Deadly Air Bike blocks,12 × 24 cal with a labour between,Simulation,Durability,Threshold,High,Gym,Group,Race rehearsal
RS0119,airbike,4,DEKA zones 6–8 sequence,Farmers carry → 25 cal → dead-ball overs,Compromised (brick),Fatigue Management,Durability,High,Gym,Solo OK,
RS0120,airbike,5,Air bike calorie-rate pacing,Target cal/min,Strategy & pacing,Economy,Threshold,Moderate,Gym,Solo OK,
RS0121,airbike,6,Air bike start drill,First 5 s of power,Technique & standards,Economy,,Moderate,Gym,Coach helpful,
RS0122,airbike,7,Air bike even pace vs sprint start test,,Strategy & pacing,Economy,Threshold,High,Gym,Solo OK,
RS0123,airbike,8,Air bike from raised heart rate,,Compromised (brick),Fatigue Management,Threshold,High,Gym,Solo OK,
RS0124,airbike,9,Air bike → 400 m run,,Compromised (brick),Fatigue Management,Threshold,High,Gym,Solo OK,
RS0125,airbike,10,Air bike → 500 m run,DEKA FIT,Compromised (brick),Fatigue Management,Threshold,High,Gym,Solo OK,
RS0126,airbike,11,Air bike arms-led vs legs-led test,,Strategy & pacing,Economy,,Moderate,Gym,Solo OK,
RS0127,airbike,12,Air bike after KB deadlifts,,Compromised (brick),Fatigue Management,Durability,High,Gym,Solo OK,
RS0128,airbike,13,Air bike → devil press,,Compromised (brick),Fatigue Management,Durability,High,Gym,Solo OK,
RS0129,airbike,14,Air bike race-pace repeats,"5 × 24 cal, 90 s rest",Race pace,Threshold,,High,Gym,Solo OK,
RS0130,airbike,15,Air bike breathing reset,,Technique & standards,Economy,Fatigue Management,Low,Gym,Coach helpful,
RS0131,airbike,16,Air bike fast setup,,Transition,Economy,,Low,Gym,Solo OK,
RS0132,airbike,17,Air bike doubles alternating,12 cal,Doubles,Threshold,,High,Gym,Partner or group,
RS0133,airbike,18,Air bike final surge,Last 5 cal,Strategy & pacing,Threshold,,High,Gym,Solo OK,Finish surge
RS0134,airbike,19,Air bike under grip fatigue,After carries,Compromised (brick),Fatigue Management,Durability,Moderate,Gym,Solo OK,
RS0135,airbike,20,Air bike overload repeats,30 cal repeats,Overload,Threshold,Durability,High,Gym,Solo OK,Overload
RS0136,push,1,Sled push race lanes,4 × 12.5 m at race weight,Race pace,Balanced Athleticism,Threshold,High,Gym,Solo OK,
RS0137,push,2,Sled push unbroken,50 m at race weight,Race pace,Durability,Balanced Athleticism,High,Gym,Solo OK,
RS0138,push,3,Sled push overload,110–120% race weight × 12.5 m,Overload,Balanced Athleticism,,High,Gym,Solo OK,Overload
RS0139,push,4,Sled push lane-end turn and re-drive,,Technique & standards,Economy,,Moderate,Gym,Coach helpful,
RS0140,push,5,1 km run → sled push,50 m push,Compromised (brick),Fatigue Management,Durability,High,Gym,Solo OK,
RS0141,push,6,SkiErg → sled push,1000 m SkiErg first,Compromised (brick),Fatigue Management,Durability,High,Gym,Solo OK,
RS0142,push,7,Sled push on race-type turf,,Race prep,Economy,,Moderate,Gym,Solo OK,Race rehearsal
RS0143,push,8,Sled push → 1 km run,,Compromised (brick),Fatigue Management,Durability,High,Gym,Solo OK,
RS0144,push,9,Sled push handle position test,High vs low,Technique & standards,Economy,,Moderate,Gym,Coach helpful,
RS0145,push,10,Sled push race-weight EMOM,12.5 m every minute × 8,Race pace,Durability,Threshold,High,Gym,Group-friendly,
RS0146,push,11,Sled push for speed,80% race weight,Technique & standards,Economy,Balanced Athleticism,Moderate,Gym,Coach helpful,
RS0147,push,12,Sled push stride drill,"Short, fast steps",Technique & standards,Economy,,Moderate,Gym,Coach helpful,
RS0148,push,13,Sled push start drill,First three steps,Technique & standards,Economy,Balanced Athleticism,Moderate,Gym,Coach helpful,
RS0149,push,14,Sled push breathing under load,,Technique & standards,Economy,,Moderate,Gym,Coach helpful,
RS0150,push,15,Sled push on a sticky surface,Slow surface,Overload,Balanced Athleticism,Durability,High,Gym,Solo OK,Overload
RS0151,push,16,Sled push after tempo run,After 20 min tempo,Compromised (brick),Fatigue Management,Durability,High,Gym,Solo OK,
RS0152,push,17,Push → run → pull,Race order,Compromised (brick),Fatigue Management,Durability,High,Gym,Solo OK,
RS0153,push,18,Sled push doubles alternating,12.5 m,Doubles,Threshold,,High,Gym,Partner or group,
RS0154,push,19,Sled push time target,50 m at race weight,Race pace,Threshold,Balanced Athleticism,High,Gym,Solo OK,
RS0155,push,20,Sled push arm position test,Locked vs bent,Technique & standards,Economy,,Moderate,Gym,Coach helpful,
RS0156,pull,1,Sled pull race lanes,4 × 12.5 m at race weight,Race pace,Balanced Athleticism,Threshold,High,Gym,Solo OK,
RS0157,pull,2,Sled pull unbroken,50 m at race weight,Race pace,Durability,Balanced Athleticism,High,Gym,Solo OK,
RS0158,pull,3,Sled pull hip-drive drill,Athletic stance,Technique & standards,Economy,Balanced Athleticism,Moderate,Gym,Coach helpful,
RS0159,pull,4,Sled pull walk-back technique,Drive through legs,Technique & standards,Economy,,Moderate,Gym,Coach helpful,
RS0160,pull,5,Sled pull rope management,Lay-down efficiency,Technique & standards,Economy,,Low,Gym,Coach helpful,
RS0161,pull,6,Sled push → sled pull,Back to back,Compromised (brick),Fatigue Management,Durability,High,Gym,Solo OK,
RS0162,pull,7,Sled pull overload,110–120% race weight,Overload,Balanced Athleticism,,High,Gym,Solo OK,Overload
RS0163,pull,8,1 km run → sled pull,,Compromised (brick),Fatigue Management,Durability,High,Gym,Solo OK,
RS0164,pull,9,Sled pull → burpee broad jumps,,Compromised (brick),Fatigue Management,Durability,High,Gym,Solo OK,
RS0165,pull,10,Sled pull race-weight EMOM,12.5 m every minute × 8,Race pace,Durability,Threshold,High,Gym,Group-friendly,
RS0166,pull,11,Sled pull gloves vs bare hands test,,Race prep,Economy,,Low,Gym,Solo OK,
RS0167,pull,12,Sled pull setup drill,Stay behind the pull line,Technique & standards,Economy,,Low,Gym,Coach helpful,
RS0168,pull,13,Sled pull for speed,80% race weight,Technique & standards,Economy,Balanced Athleticism,Moderate,Gym,Coach helpful,
RS0169,pull,14,Sled pull rope grip reset drill,,Technique & standards,Economy,,Low,Gym,Coach helpful,
RS0170,pull,15,Push → run → pull,Race order,Compromised (brick),Fatigue Management,Durability,High,Gym,Solo OK,
RS0171,pull,16,Sled pull breathing under load,,Technique & standards,Economy,,Moderate,Gym,Coach helpful,
RS0172,pull,17,Sled pull doubles alternating,12.5 m,Doubles,Threshold,,High,Gym,Partner or group,
RS0173,pull,18,Sled pull time target,50 m at race weight,Race pace,Threshold,Balanced Athleticism,High,Gym,Solo OK,
RS0174,pull,19,Sled pull with pre-fatigued grip,After dead hang,Compromised (brick),Fatigue Management,Durability,High,Gym,Solo OK,
RS0175,pull,20,Sled pull on race-type turf,,Race prep,Economy,,Moderate,Gym,Solo OK,Race rehearsal
RS0176,farm,1,Farmers carry unbroken,200 m at race weight,Race pace,Durability,Balanced Athleticism,High,Home or gym,Solo OK,
RS0177,farm,2,Farmers carry race-weight repeats,2 × 100 m,Race pace,Durability,Balanced Athleticism,Moderate,Home or gym,Solo OK,
RS0178,farm,3,Farmers carry overweight,200 m,Overload,Balanced Athleticism,Durability,High,Home or gym,Solo OK,Overload
RS0179,farm,4,Farmers carry walk vs jog test,,Strategy & pacing,Economy,,Moderate,Home or gym,Solo OK,
RS0180,farm,5,Farmers carry turn efficiency drill,,Technique & standards,Economy,,Low,Home or gym,Coach helpful,
RS0181,farm,6,Farmers carry pick-up and set-down technique,,Technique & standards,Economy,,Low,Home or gym,Coach helpful,
RS0182,farm,7,Row → farmers carry,,Compromised (brick),Fatigue Management,Durability,High,Gym,Solo OK,
RS0183,farm,8,Farmers carry → sandbag lunges,,Compromised (brick),Fatigue Management,Durability,High,Home or gym,Solo OK,
RS0184,farm,9,1 km run → farmers carry,,Compromised (brick),Fatigue Management,Durability,High,Home or gym,Solo OK,
RS0185,farm,10,Farmers carry with pre-fatigued grip,After 30 s dead hang,Compromised (brick),Fatigue Management,Durability,Moderate,Home or gym,Solo OK,
RS0186,farm,11,Farmers carry set-down strategy,Planned single set-down,Strategy & pacing,Economy,,Moderate,Home or gym,Solo OK,
RS0187,farm,12,Grip pacing and shake-out plan,,Strategy & pacing,Economy,Fatigue Management,Low,Home or gym,Solo OK,
RS0188,farm,13,Farmers carry at a jog,Race weight,Race pace,Threshold,Durability,High,Home or gym,Solo OK,
RS0189,farm,14,Farmers carry after SkiErg,After 1000 m SkiErg (lat fatigue),Compromised (brick),Fatigue Management,Durability,High,Gym,Solo OK,
RS0190,farm,15,Run → farmers carry → run,1 km runs,Compromised (brick),Fatigue Management,Durability,High,Home or gym,Solo OK,
RS0191,farm,16,Farmers carry doubles alternating,50 m,Doubles,Threshold,,Moderate,Home or gym,Partner or group,
RS0192,farm,17,Chalk vs no chalk test,Farmers carry,Race prep,Economy,,Low,Home or gym,Solo OK,
RS0193,farm,18,Farmers carry overweight repeats,2 × 100 m,Overload,Balanced Athleticism,Durability,High,Home or gym,Solo OK,Overload
RS0194,farm,19,Farmers carry from raised heart rate,After 1 min burpees,Compromised (brick),Fatigue Management,Durability,High,Home or gym,Solo OK,
RS0195,farm,20,Farmers carry time target,200 m at race weight,Race pace,Threshold,Durability,High,Home or gym,Solo OK,
RS0196,frontcarry,1,Plate front carry at race weight,240 m,Race pace,Durability,Balanced Athleticism,High,Home or gym,Solo OK,
RS0197,frontcarry,2,Plate overhead carry at race weight,180 m,Race pace,Durability,Balanced Athleticism,High,Home or gym,Solo OK,
RS0198,frontcarry,3,Carry shuttle turns,Every 10 m,Technique & standards,Economy,,Low,Home or gym,Coach helpful,
RS0199,frontcarry,4,Front/overhead carry set-down strategy,,Strategy & pacing,Economy,,Moderate,Home or gym,Solo OK,
RS0200,frontcarry,5,Front carry → push press,DD rounds 7–8,Compromised (brick),Fatigue Management,Durability,High,Home or gym,Solo OK,
RS0201,frontcarry,6,Clean & press → overhead carry,DD rounds 10–11,Compromised (brick),Fatigue Management,Durability,High,Home or gym,Solo OK,
RS0202,frontcarry,7,Overhead carry → devil press,DD rounds 11–12,Compromised (brick),Fatigue Management,Durability,High,Home or gym,Solo OK,
RS0203,frontcarry,8,Front carry → 400 m run,,Compromised (brick),Fatigue Management,Durability,High,Home or gym,Solo OK,
RS0204,frontcarry,9,Front carry jog vs walk test,,Strategy & pacing,Economy,,Moderate,Home or gym,Solo OK,
RS0205,frontcarry,10,Plate front carry overweight,30 kg,Overload,Balanced Athleticism,Durability,High,Home or gym,Solo OK,Overload
RS0206,frontcarry,11,Plate overhead carry overweight,20 kg,Overload,Balanced Athleticism,Durability,High,Home or gym,Solo OK,Overload
RS0207,frontcarry,12,Plate carry race-weight repeats,2 × 120 m,Race pace,Durability,Balanced Athleticism,Moderate,Home or gym,Solo OK,
RS0208,frontcarry,13,Overhead lockout under fatigue,,Technique & standards,Economy,Durability,Moderate,Home or gym,Coach helpful,
RS0209,frontcarry,14,Breathing behind the plate,,Technique & standards,Economy,,Low,Home or gym,Coach helpful,
RS0210,frontcarry,15,Plate grip choice test,Rim vs pinch,Technique & standards,Economy,,Low,Home or gym,Coach helpful,
RS0211,frontcarry,16,Front/overhead carry from raised heart rate,,Compromised (brick),Fatigue Management,Durability,High,Home or gym,Solo OK,
RS0212,frontcarry,17,Sandbag carry,60 m,Race pace,Durability,Balanced Athleticism,Moderate,Home or gym,Solo OK,
RS0213,frontcarry,18,Plate carry doubles alternating,40 m,Doubles,Threshold,,Moderate,Home or gym,Partner or group,
RS0214,frontcarry,19,Plate front carry time target,240 m,Race pace,Threshold,Durability,High,Home or gym,Solo OK,
RS0215,frontcarry,20,Carry after bear crawl,Shoulder fatigue,Compromised (brick),Fatigue Management,Durability,High,Home or gym,Solo OK,
RS0216,lunge,1,Lunges at race weight,100 m,Race pace,Durability,Balanced Athleticism,High,Home or gym,Solo OK,
RS0217,lunge,2,Lunge race-pace repeats,4 × 25 m,Race pace,Durability,Threshold,Moderate,Home or gym,Solo OK,
RS0218,lunge,3,Lunges with overweight bag,50 m,Overload,Balanced Athleticism,Durability,High,Home or gym,Solo OK,Overload
RS0219,lunge,4,Knee-touch standard drill,,Technique & standards,Economy,,Low,Home or gym,Coach or partner,
RS0220,lunge,5,Lunge cadence and step-length drill,,Technique & standards,Economy,,Low,Home or gym,Coach helpful,
RS0221,lunge,6,Sandbag setup and repositioning drill,,Technique & standards,Economy,,Low,Home or gym,Coach helpful,
RS0222,lunge,7,Lunge breathing rhythm drill,,Technique & standards,Economy,,Low,Home or gym,Coach helpful,
RS0223,lunge,8,Farmers carry → lunges,,Compromised (brick),Fatigue Management,Durability,High,Home or gym,Solo OK,
RS0224,lunge,9,Lunges → wall balls,,Compromised (brick),Fatigue Management,Durability,High,Gym,Solo OK,
RS0225,lunge,10,Run → lunges → run,1 km run → 100 m lunges → 1 km run,Compromised (brick),Fatigue Management,Durability,High,Home or gym,Solo OK,
RS0226,lunge,11,Lunges continuous,"100 m, no set-down",Race pace,Durability,,High,Home or gym,Solo OK,
RS0227,lunge,12,Lunge race-weight repeats,2 × 50 m,Race pace,Durability,Balanced Athleticism,Moderate,Home or gym,Solo OK,
RS0228,lunge,13,Lunges after heavy sled push,Quad fatigue,Compromised (brick),Fatigue Management,Durability,High,Gym,Solo OK,
RS0229,lunge,14,Lunge doubles alternating,25 m,Doubles,Threshold,,Moderate,Home or gym,Partner or group,
RS0230,lunge,15,Lunge time target,100 m,Race pace,Threshold,Durability,High,Home or gym,Solo OK,
RS0231,lunge,16,Lunges with heart-rate cap,At race pace,Strategy & pacing,Economy,Durability,Moderate,Home or gym,Solo OK,
RS0232,lunge,17,Lunges on race-type surface,,Race prep,Economy,,Moderate,Home or gym,Solo OK,Race rehearsal
RS0233,lunge,18,Full hip extension standard,,Technique & standards,Economy,,Low,Home or gym,Coach or partner,
RS0234,lunge,19,Fast sandbag pick-up to shoulder,,Transition,Economy,,Low,Home or gym,Solo OK,
RS0235,lunge,20,Lunges at the end of a long run,100 m,Compromised (brick),Durability,Fatigue Management,High,Home or gym,Solo OK,
RS0236,squat,1,Dead-ball bear-hug squats for time,75 reps (Paladin),Race pace,Durability,Threshold,High,Gym,Solo OK,
RS0237,squat,2,Goblet squats for time,60 reps (DD),Race pace,Durability,Threshold,High,Home or gym,Solo OK,
RS0238,squat,3,Squat set strategy,e.g. 25-20-15-15,Strategy & pacing,Economy,,Moderate,Home or gym,Solo OK,
RS0239,squat,4,Squat depth standard,Quads parallel,Technique & standards,Economy,,Low,Home or gym,Coach or partner,
RS0240,squat,5,Squat full hip lockout standard,,Technique & standards,Economy,,Low,Home or gym,Coach or partner,
RS0241,squat,6,Ground-to-overhead → bear-hug squats,Paladin Zone 1,Compromised (brick),Fatigue Management,Durability,High,Gym,Solo OK,
RS0242,squat,7,Burpee broad jump → goblet squats,DD rounds 5–6,Compromised (brick),Fatigue Management,Durability,High,Home or gym,Solo OK,
RS0243,squat,8,Squats after 800 m run,,Compromised (brick),Fatigue Management,Durability,Moderate,Home or gym,Solo OK,
RS0244,squat,9,Squats after 400 m run,,Compromised (brick),Fatigue Management,Durability,Moderate,Home or gym,Solo OK,
RS0245,squat,10,Squat breathing,Exhale on the stand,Technique & standards,Economy,,Low,Home or gym,Coach helpful,
RS0246,squat,11,Ball and bell grip reset drill,,Technique & standards,Economy,,Low,Home or gym,Coach helpful,
RS0247,squat,12,Bear-hug squat overload,100 reps,Overload,Durability,Balanced Athleticism,High,Home or gym,Solo OK,Overload
RS0248,squat,13,Goblet squat overload,20 / 16 kg,Overload,Balanced Athleticism,Durability,High,Home or gym,Solo OK,Overload
RS0249,squat,14,Squats from raised heart rate,,Compromised (brick),Fatigue Management,Durability,High,Home or gym,Solo OK,
RS0250,squat,15,Squat race-pace sets,"5 × 15, short rest",Race pace,Durability,Threshold,Moderate,Home or gym,Solo OK,
RS0251,squat,16,Squats → run pace check,,Compromised (brick),Fatigue Management,Economy,Moderate,Home or gym,Solo OK,
RS0252,squat,17,Squat doubles alternating sets,,Doubles,Threshold,,Moderate,Home or gym,Partner or group,
RS0253,squat,18,Bear-hug squats with a heavier ball,,Overload,Balanced Athleticism,Durability,High,Home or gym,Solo OK,Overload
RS0254,squat,19,Fast dead-ball pick-up,,Transition,Economy,,Low,Gym,Solo OK,
RS0255,squat,20,Squat unbroken test,30 reps,Test / time trial,Durability,,Moderate,Home or gym,Coach or partner,Test
RS0256,kbdl,1,KB deadlifts at race weight for time,60 reps,Race pace,Durability,Threshold,High,Home or gym,Solo OK,
RS0257,kbdl,2,KB deadlift set strategy,e.g. 20-20-20 or 4 × 15,Strategy & pacing,Economy,,Moderate,Home or gym,Solo OK,
RS0258,kbdl,3,Farmers carry → KB deadlift,DD rounds 1–2,Compromised (brick),Fatigue Management,Durability,High,Home or gym,Solo OK,
RS0259,kbdl,4,KB deadlift → 400 m run,,Compromised (brick),Fatigue Management,Durability,High,Home or gym,Solo OK,
RS0260,kbdl,5,KB deadlift full lockout standard,,Technique & standards,Economy,,Low,Home or gym,Coach or partner,
RS0261,kbdl,6,KB deadlift touch-and-go rhythm,,Technique & standards,Economy,,Moderate,Home or gym,Coach helpful,
RS0262,kbdl,7,KB deadlift grip strategy after farmers carry,,Strategy & pacing,Economy,Fatigue Management,Moderate,Home or gym,Solo OK,
RS0263,kbdl,8,KB deadlift overload,60 reps at 40 / 32 kg,Overload,Balanced Athleticism,Durability,High,Home or gym,Solo OK,Overload
RS0264,kbdl,9,KB deadlift volume overload,80 reps at race weight,Overload,Durability,Balanced Athleticism,High,Home or gym,Solo OK,Overload
RS0265,kbdl,10,KB deadlifts from raised heart rate,,Compromised (brick),Fatigue Management,Durability,High,Home or gym,Solo OK,
RS0266,kbdl,11,KB deadlift breathing,Exhale at lockout,Technique & standards,Economy,,Low,Home or gym,Coach helpful,
RS0267,kbdl,12,KB deadlift unbroken test,30 reps,Test / time trial,Durability,,Moderate,Home or gym,Coach or partner,Test
RS0268,kbdl,13,KB deadlift → DB lunge,DD rounds 2–3,Compromised (brick),Fatigue Management,Durability,High,Home or gym,Solo OK,
RS0269,kbdl,14,KB deadlift doubles alternating,Sets of 10,Doubles,Threshold,,Moderate,Home or gym,Partner or group,
RS0270,kbdl,15,KB deadlifts at the end of a long run,,Compromised (brick),Durability,Fatigue Management,High,Home or gym,Solo OK,
RS0271,kbdl,16,KB deadlift race-weight sets,"3 × 20, 20 s rest",Race pace,Durability,Threshold,Moderate,Home or gym,Solo OK,
RS0272,kbdl,17,KB deadlift time target,60 reps,Race pace,Threshold,Durability,High,Home or gym,Solo OK,
RS0273,kbdl,18,Posture-under-fatigue drill,KB deadlift,Technique & standards,Economy,Durability,Moderate,Home or gym,Coach helpful,
RS0274,kbdl,19,Chalk vs no chalk test,KB deadlift,Race prep,Economy,,Low,Home or gym,Solo OK,
RS0275,kbdl,20,KB deadlift race-weight EMOM,15 reps × 4,Race pace,Durability,Threshold,Moderate,Home or gym,Group-friendly,
RS0276,box,1,Box overs for time,50 reps (Paladin),Race pace,Durability,Threshold,High,Gym,Solo OK,
RS0277,box,2,Box jump or step overs,20 reps at 24 in (DEKA),Race pace,Durability,Threshold,High,Gym,Solo OK,
RS0278,box,3,Box over jump vs step test,,Strategy & pacing,Economy,,Moderate,Gym,Solo OK,
RS0279,box,4,Box over turn-and-go rhythm drill,,Technique & standards,Economy,,Low,Gym,Coach helpful,
RS0280,box,5,Box over both-feet-on-top standard,,Technique & standards,Economy,,Low,Gym,Coach or partner,
RS0281,box,6,BikeErg → box overs,Paladin Zone 2,Compromised (brick),Fatigue Management,Durability,High,Gym,Solo OK,
RS0282,box,7,Box overs → dead-ball lunges,Paladin Zone 2,Compromised (brick),Fatigue Management,Durability,High,Gym,Solo OK,
RS0283,box,8,Row → box overs,DEKA zones 2–3,Compromised (brick),Fatigue Management,Durability,High,Gym,Solo OK,
RS0284,box,9,Box overs from raised heart rate,,Compromised (brick),Fatigue Management,Durability,High,Gym,Solo OK,
RS0285,box,10,Box over unbroken sets,"5 × 10, 10 s rest",Race pace,Durability,Threshold,Moderate,Gym,Solo OK,
RS0286,box,11,Box over no-hands rule practice,,Technique & standards,Economy,,Low,Gym,Coach helpful,
RS0287,box,12,Box overs after 800 m run,,Compromised (brick),Fatigue Management,Durability,Moderate,Gym,Solo OK,
RS0288,box,13,Box over doubles alternating,Sets of 10,Doubles,Threshold,,Moderate,Gym,Partner or group,
RS0289,box,14,Box over overload,75 reps,Overload,Durability,Balanced Athleticism,High,Gym,Solo OK,Overload
RS0290,box,15,Box over pacing,Target seconds per rep,Strategy & pacing,Economy,Threshold,Moderate,Gym,Solo OK,
RS0291,box,16,Race-height box familiarisation,,Race prep,Economy,,Low,Home or gym,Solo OK,Race rehearsal
RS0292,box,17,Box overs in a weighted vest,,Overload,Balanced Athleticism,Durability,High,Gym,Solo OK,Overload
RS0293,box,18,Box overs → 500 m run,,Compromised (brick),Fatigue Management,Durability,High,Gym,Solo OK,
RS0294,box,19,Late-race box overs,After long ergs,Compromised (brick),Durability,Fatigue Management,High,Gym,Solo OK,
RS0295,box,20,Box over soft-landing efficiency drill,,Technique & standards,Economy,,Low,Gym,Coach helpful,
RS0296,bos,1,Ball over shoulder for time,50 reps (Paladin),Race pace,Durability,Threshold,High,Gym,Solo OK,
RS0297,bos,2,Dead-ball yoke overs,20 reps (DEKA),Race pace,Durability,Balanced Athleticism,High,Gym,Solo OK,
RS0298,bos,3,Ball over shoulder set strategy,e.g. 10 × 5,Strategy & pacing,Economy,,Moderate,Gym,Solo OK,
RS0299,bos,4,Ball over shoulder stand-tall standard,,Technique & standards,Economy,,Low,Gym,Coach or partner,
RS0300,bos,5,Alternating shoulder rhythm,,Technique & standards,Economy,,Low,Gym,Coach helpful,
RS0301,bos,6,Burpees → ball over shoulder,Paladin Zone 4,Compromised (brick),Fatigue Management,Durability,High,Gym,Solo OK,
RS0302,bos,7,Air bike → yoke overs,DEKA zones 7–8,Compromised (brick),Fatigue Management,Durability,High,Gym,Solo OK,
RS0303,bos,8,Yoke overs → tank push/pull,DEKA zones 8–9,Compromised (brick),Fatigue Management,Durability,High,Gym,Solo OK,
RS0304,bos,9,Ball over shoulder with heavier ball,,Overload,Balanced Athleticism,Durability,High,Gym,Solo OK,Overload
RS0305,bos,10,Hug-and-lift technique,No grip,Technique & standards,Economy,,Low,Gym,Coach helpful,
RS0306,bos,11,Ball over shoulder breathing,Exhale on the throw,Technique & standards,Economy,,Low,Gym,Coach helpful,
RS0307,bos,12,Ball overs from raised heart rate,,Compromised (brick),Fatigue Management,Durability,High,Gym,Solo OK,
RS0308,bos,13,Ball over shoulder doubles alternating,Sets of 10,Doubles,Threshold,,Moderate,Gym,Partner or group,
RS0309,bos,14,Ball over shoulder time target,50 reps,Race pace,Threshold,Durability,High,Gym,Solo OK,
RS0310,bos,15,Race finisher: sprint the last 10,Ball over shoulder,Strategy & pacing,Threshold,Durability,High,Gym,Solo OK,Finish surge
RS0311,bos,16,Lap vs no-lap technique test,,Technique & standards,Economy,,Moderate,Gym,Coach helpful,
RS0312,bos,17,Ball overs after long ergs,,Compromised (brick),Durability,Fatigue Management,High,Gym,Solo OK,
RS0313,bos,18,Ball over shoulder unbroken test,20 reps,Test / time trial,Durability,,Moderate,Gym,Coach or partner,Test
RS0314,bos,19,800 m run → ball over shoulder,,Compromised (brick),Fatigue Management,Durability,High,Gym,Solo OK,
RS0315,bos,20,Late-race ball overs,,Compromised (brick),Durability,Fatigue Management,High,Gym,Solo OK,
RS0316,wb,1,Wall balls for time,100 reps,Race pace,Durability,Threshold,High,Gym,Solo OK,
RS0317,wb,2,Wall ball set strategy rehearsal,e.g. 25-20-20-15-10-10,Strategy & pacing,Economy,Durability,Moderate,Gym,Solo OK,Race rehearsal
RS0318,wb,3,Wall ball short-rest sets,"10 × 10, 10 s rest",Race pace,Durability,Threshold,High,Gym,Solo OK,
RS0319,wb,4,Wall ball volume overload,150 reps,Overload,Durability,Balanced Athleticism,High,Gym,Solo OK,Overload
RS0320,wb,5,Wall ball catch-and-go rhythm drill,,Technique & standards,Economy,,Low,Gym,Coach helpful,
RS0321,wb,6,Wall ball breathing drill,Exhale on throw,Technique & standards,Economy,,Low,Gym,Coach helpful,
RS0322,wb,7,Wall ball target accuracy and no-rep standard,,Technique & standards,Economy,,Low,Gym,Coach or partner,
RS0323,wb,8,1 km run → wall balls,,Compromised (brick),Fatigue Management,Durability,High,Gym,Solo OK,
RS0324,wb,9,Lunges → wall balls,,Compromised (brick),Fatigue Management,Durability,High,Gym,Solo OK,
RS0325,wb,10,Finish simulation,Run 8 + lunges + 100 wall balls,Simulation,Durability,Threshold,High,Gym,Group,Race rehearsal
RS0326,wb,11,Wall ball race-pace sets,"4 × 25, 15 s rest",Race pace,Durability,Threshold,High,Gym,Solo OK,
RS0327,wb,12,Wall ball unbroken test,50 reps,Test / time trial,Durability,,Moderate,Gym,Coach or partner,Test
RS0328,wb,13,Wall ball fixed-breath rest,Five breaths between sets,Strategy & pacing,Economy,Fatigue Management,Moderate,Gym,Solo OK,
RS0329,wb,14,Wall ball target height check,3 m / 2.7 m,Race prep,Economy,,Low,Gym,Solo OK,
RS0330,wb,15,Wall ball no-rep drill with a judge,,Technique & standards,Economy,,Low,Gym,Coach or partner,
RS0331,wb,16,Wall ball doubles alternating,Sets of 10,Doubles,Threshold,,Moderate,Gym,Partner or group,
RS0332,wb,17,Wall ball time target,100 reps,Race pace,Threshold,Durability,High,Gym,Solo OK,
RS0333,wb,18,Wall balls from raised heart rate,After 2 min SkiErg,Compromised (brick),Fatigue Management,Durability,High,Gym,Solo OK,
RS0334,wb,19,Wall ball final surge,Last 20 reps,Strategy & pacing,Threshold,Durability,High,Gym,Solo OK,Finish surge
RS0335,wb,20,Dropped-ball recovery drill,,Technique & standards,Economy,,Low,Gym,Coach helpful,
RS0336,thr,1,Plate thrusters for time,50 reps (Paladin),Race pace,Durability,Threshold,High,Gym,Solo OK,
RS0337,thr,2,DB push press for time,60 reps (DD),Race pace,Durability,Threshold,High,Home or gym,Solo OK,
RS0338,thr,3,Thruster set strategy,e.g. 20-15-15,Strategy & pacing,Economy,,Moderate,Home or gym,Solo OK,
RS0339,thr,4,Plate-under-chin standard,,Technique & standards,Economy,,Low,Home or gym,Coach or partner,
RS0340,thr,5,Thruster full lockout standard,,Technique & standards,Economy,,Low,Home or gym,Coach or partner,
RS0341,thr,6,Row → plate thrusters,Paladin Zone 3,Compromised (brick),Fatigue Management,Durability,High,Gym,Solo OK,
RS0342,thr,7,Thrusters → farmers carry,Paladin Zone 3,Compromised (brick),Fatigue Management,Durability,High,Gym,Solo OK,
RS0343,thr,8,Ground-to-overhead → thrusters,Paladin Endurance,Compromised (brick),Fatigue Management,Durability,High,Gym,Solo OK,
RS0344,thr,9,Front carry → push press,DD rounds 7–8,Compromised (brick),Fatigue Management,Durability,High,Home or gym,Solo OK,
RS0345,thr,10,Push press → bear crawl,DD rounds 8–9,Compromised (brick),Fatigue Management,Durability,High,Home or gym,Solo OK,
RS0346,thr,11,Plate thruster overload,25 / 20 kg plate,Overload,Balanced Athleticism,Durability,High,Home or gym,Solo OK,Overload
RS0347,thr,12,DB push press overload,2 × 15 / 2 × 7.5 kg,Overload,Balanced Athleticism,Durability,High,Home or gym,Solo OK,Overload
RS0348,thr,13,Thruster breathing rhythm,,Technique & standards,Economy,,Low,Home or gym,Coach helpful,
RS0349,thr,14,Thrusters from raised heart rate,,Compromised (brick),Fatigue Management,Durability,High,Home or gym,Solo OK,
RS0350,thr,15,Thruster doubles alternating,Sets of 10,Doubles,Threshold,,Moderate,Home or gym,Partner or group,
RS0351,thr,16,Thruster time target,50 reps,Race pace,Threshold,Durability,High,Home or gym,Solo OK,
RS0352,thr,17,Thruster unbroken test,25 reps,Test / time trial,Durability,,Moderate,Home or gym,Coach or partner,Test
RS0353,thr,18,800 m run → thrusters,,Compromised (brick),Fatigue Management,Durability,High,Home or gym,Solo OK,
RS0354,thr,19,400 m run → push press,,Compromised (brick),Fatigue Management,Durability,High,Home or gym,Solo OK,
RS0355,thr,20,Late-session thrusters,,Compromised (brick),Durability,Fatigue Management,High,Home or gym,Solo OK,
RS0356,g2oh,1,Plate ground-to-overhead for time,50 reps (Paladin),Race pace,Durability,Threshold,High,Gym,Solo OK,
RS0357,g2oh,2,Plate clean & press for time,60 reps (DD),Race pace,Durability,Threshold,High,Home or gym,Solo OK,
RS0358,g2oh,3,Ground-to-overhead set strategy,e.g. 20-15-15,Strategy & pacing,Economy,,Moderate,Home or gym,Solo OK,
RS0359,g2oh,4,Plate-touches-ground standard,,Technique & standards,Economy,,Low,Home or gym,Coach or partner,
RS0360,g2oh,5,Ground-to-overhead lockout standard,,Technique & standards,Economy,,Low,Home or gym,Coach or partner,
RS0361,g2oh,6,Controlled lowering standard,No drop,Technique & standards,Economy,,Low,Home or gym,Coach or partner,
RS0362,g2oh,7,SkiErg → ground-to-overhead,Paladin Zone 1,Compromised (brick),Fatigue Management,Durability,High,Gym,Solo OK,
RS0363,g2oh,8,Ground-to-overhead → bear-hug squats,Paladin Zone 1,Compromised (brick),Fatigue Management,Durability,High,Gym,Solo OK,
RS0364,g2oh,9,Ground-to-overhead → thrusters,Paladin Endurance,Compromised (brick),Fatigue Management,Durability,High,Gym,Solo OK,
RS0365,g2oh,10,Clean & press → overhead carry,DD rounds 10–11,Compromised (brick),Fatigue Management,Durability,High,Home or gym,Solo OK,
RS0366,g2oh,11,Ground-to-overhead overload,25 / 20 kg plate,Overload,Balanced Athleticism,Durability,High,Home or gym,Solo OK,Overload
RS0367,g2oh,12,Plate grip choice test,,Technique & standards,Economy,,Low,Home or gym,Coach helpful,
RS0368,g2oh,13,Ground-to-overhead breathing rhythm,,Technique & standards,Economy,,Low,Home or gym,Coach helpful,
RS0369,g2oh,14,Ground-to-overhead from raised heart rate,,Compromised (brick),Fatigue Management,Durability,High,Home or gym,Solo OK,
RS0370,g2oh,15,Ground-to-overhead time target,50 reps,Race pace,Threshold,Durability,High,Home or gym,Solo OK,
RS0371,g2oh,16,Ground-to-overhead doubles alternating,Sets of 10,Doubles,Threshold,,Moderate,Home or gym,Partner or group,
RS0372,g2oh,17,Ground-to-overhead unbroken test,25 reps,Test / time trial,Durability,,Moderate,Home or gym,Coach or partner,Test
RS0373,g2oh,18,800 m run → ground-to-overhead,,Compromised (brick),Fatigue Management,Durability,High,Home or gym,Solo OK,
RS0374,g2oh,19,400 m run → clean & press,,Compromised (brick),Fatigue Management,Durability,High,Home or gym,Solo OK,
RS0375,g2oh,20,Late-session ground-to-overhead,,Compromised (brick),Durability,Fatigue Management,High,Home or gym,Solo OK,
RS0376,snatch,1,Alternating DB snatches at race weight,60 reps,Race pace,Durability,Threshold,High,Home or gym,Solo OK,
RS0377,snatch,2,DB snatch set strategy,e.g. 20-20-20,Strategy & pacing,Economy,,Moderate,Home or gym,Solo OK,
RS0378,snatch,3,Snatch hand switch: top vs bottom,,Technique & standards,Economy,,Low,Home or gym,Coach helpful,
RS0379,snatch,4,Snatch lockout standard,,Technique & standards,Economy,,Low,Home or gym,Coach or partner,
RS0380,snatch,5,DB lunge → snatch,DD rounds 3–4,Compromised (brick),Fatigue Management,Durability,High,Home or gym,Solo OK,
RS0381,snatch,6,Snatch → burpee broad jump,DD rounds 4–5,Compromised (brick),Fatigue Management,Durability,High,Home or gym,Solo OK,
RS0382,snatch,7,Snatch after 400 m run,,Compromised (brick),Fatigue Management,Durability,High,Home or gym,Solo OK,
RS0383,snatch,8,DB snatch overload,60 reps at 20 / 12.5 kg,Overload,Balanced Athleticism,Durability,High,Home or gym,Solo OK,Overload
RS0384,snatch,9,Snatch breathing rhythm,,Technique & standards,Economy,,Low,Home or gym,Coach helpful,
RS0385,snatch,10,Snatch grip after farmers carry and deadlifts,,Compromised (brick),Fatigue Management,Durability,Moderate,Home or gym,Solo OK,
RS0386,snatch,11,Snatch from raised heart rate,,Compromised (brick),Fatigue Management,Durability,High,Home or gym,Solo OK,
RS0387,snatch,12,DB snatch time target,60 reps,Race pace,Threshold,Durability,High,Home or gym,Solo OK,
RS0388,snatch,13,DB snatch doubles alternating,Sets of 10,Doubles,Threshold,,Moderate,Home or gym,Partner or group,
RS0389,snatch,14,DB snatch race-weight sets,"3 × 20, 15 s rest",Race pace,Durability,Threshold,Moderate,Home or gym,Solo OK,
RS0390,snatch,15,DB snatch unbroken test,30 reps,Test / time trial,Durability,,Moderate,Home or gym,Coach or partner,Test
RS0391,snatch,16,Snatch touch-and-go vs reset reps,,Strategy & pacing,Economy,,Moderate,Home or gym,Solo OK,
RS0392,snatch,17,DB snatch race-weight EMOM,,Race pace,Durability,Threshold,Moderate,Home or gym,Group-friendly,
RS0393,snatch,18,Snatches at the end of a session,,Compromised (brick),Durability,Fatigue Management,High,Home or gym,Solo OK,
RS0394,snatch,19,Snatch hip-drive efficiency drill,,Technique & standards,Economy,,Low,Home or gym,Coach helpful,
RS0395,snatch,20,Snatch → run pace check,,Compromised (brick),Fatigue Management,Economy,Moderate,Home or gym,Solo OK,
RS0396,devil,1,Devil presses at race weight,20 reps,Race pace,Durability,Threshold,High,Home or gym,Solo OK,
RS0397,devil,2,Devil press unbroken test,20 reps,Test / time trial,Durability,,Moderate,Home or gym,Coach or partner,Test
RS0398,devil,3,Devil press set strategy,10-10 or 7-7-6,Strategy & pacing,Economy,,Moderate,Home or gym,Solo OK,
RS0399,devil,4,Devil press overhead lockout standard,,Technique & standards,Economy,,Low,Home or gym,Coach or partner,
RS0400,devil,5,Overhead carry → devil press,DD rounds 11–12,Compromised (brick),Fatigue Management,Durability,High,Home or gym,Solo OK,
RS0401,devil,6,Devil press finisher after 400 m run,,Compromised (brick),Fatigue Management,Durability,High,Home or gym,Solo OK,Finish surge
RS0402,devil,7,Devil press overload,20 reps at 2 × 15 / 2 × 7.5 kg,Overload,Balanced Athleticism,Durability,High,Home or gym,Solo OK,Overload
RS0403,devil,8,Devil press pacing,Steady rep every 5 s,Strategy & pacing,Economy,,Moderate,Home or gym,Solo OK,
RS0404,devil,9,Devil press breathing reset at the top,,Technique & standards,Economy,,Low,Home or gym,Coach helpful,
RS0405,devil,10,Devil press from raised heart rate,,Compromised (brick),Fatigue Management,Durability,High,Home or gym,Solo OK,
RS0406,devil,11,Devil press after a full labour circuit,,Compromised (brick),Durability,Fatigue Management,High,Gym,Solo OK,
RS0407,devil,12,Devil press doubles alternating,Sets of 5,Doubles,Threshold,,Moderate,Home or gym,Partner or group,
RS0408,devil,13,Devil press time target,20 reps,Race pace,Threshold,Durability,High,Home or gym,Solo OK,
RS0409,devil,14,Devil press step vs jump back test,,Strategy & pacing,Economy,,Moderate,Home or gym,Solo OK,
RS0410,devil,15,Devil press hip-snap efficiency drill,,Technique & standards,Economy,,Low,Home or gym,Coach helpful,
RS0411,devil,16,Devil press race-weight sets,3 × 10,Race pace,Durability,Balanced Athleticism,Moderate,Home or gym,Solo OK,
RS0412,devil,17,Devil press after air bike,,Compromised (brick),Fatigue Management,Durability,High,Gym,Solo OK,
RS0413,devil,18,Devil press at the end of a long run,,Compromised (brick),Durability,Fatigue Management,High,Home or gym,Solo OK,
RS0414,devil,19,Grip-fatigued devil press,,Compromised (brick),Fatigue Management,Durability,Moderate,Home or gym,Solo OK,
RS0415,devil,20,Devil press final-rep sprint drill,,Strategy & pacing,Threshold,Durability,Moderate,Home or gym,Solo OK,Finish surge
RS0416,bbj,1,Burpee broad jumps at race pace,80 m,Race pace,Durability,Threshold,High,Home or gym,Solo OK,
RS0417,bbj,2,Burpee broad jump race-pace repeats,"4 × 20 m, 20 s rest",Race pace,Threshold,Durability,High,Home or gym,Solo OK,
RS0418,bbj,3,BBJ step-back vs jump-back selection drill,,Strategy & pacing,Economy,,Moderate,Home or gym,Solo OK,
RS0419,bbj,4,BBJ jump count per 20 m,Distance consistency,Technique & standards,Economy,,Moderate,Home or gym,Coach helpful,
RS0420,bbj,5,BBJ hand-placement drill,Land into the next burpee,Technique & standards,Economy,,Low,Home or gym,Coach helpful,
RS0421,bbj,6,BBJ breathing cadence drill,One breath per rep,Technique & standards,Economy,,Low,Home or gym,Coach helpful,
RS0422,bbj,7,Sled pull → burpee broad jumps,,Compromised (brick),Fatigue Management,Durability,High,Gym,Solo OK,
RS0423,bbj,8,Burpee broad jumps → 1 km run,,Compromised (brick),Fatigue Management,Durability,High,Home or gym,Solo OK,
RS0424,bbj,9,Run → BBJ → run,1 km → 80 m BBJ → 1 km,Compromised (brick),Fatigue Management,Durability,High,Home or gym,Solo OK,
RS0425,bbj,10,BBJ standards check,"Chest to floor, two-foot jump",Technique & standards,Economy,,Low,Home or gym,Coach or partner,
RS0426,bbj,11,Burpee broad jump race-pace repeats,"2 × 40 m, 30 s rest",Race pace,Threshold,Durability,High,Home or gym,Solo OK,
RS0427,bbj,12,Weighted-vest BBJ,Overload,Overload,Balanced Athleticism,Durability,High,Home or gym,Solo OK,Overload
RS0428,bbj,13,BBJ after heavy sled work,,Compromised (brick),Fatigue Management,Durability,High,Gym,Solo OK,
RS0429,bbj,14,BBJ on race-type surface,,Race prep,Economy,,Moderate,Home or gym,Solo OK,Race rehearsal
RS0430,bbj,15,BBJ chest-down speed drill,,Technique & standards,Economy,,Moderate,Home or gym,Coach helpful,
RS0431,bbj,16,BBJ straight-line jump accuracy,,Technique & standards,Economy,,Low,Home or gym,Coach helpful,
RS0432,bbj,17,BBJ doubles alternating,10 m,Doubles,Threshold,,Moderate,Home or gym,Partner or group,
RS0433,bbj,18,BBJ pace targets,Per 20 m,Strategy & pacing,Economy,Threshold,Moderate,Home or gym,Solo OK,
RS0434,bbj,19,BBJ heart-rate cap drill,,Strategy & pacing,Economy,Durability,Moderate,Home or gym,Solo OK,
RS0435,bbj,20,Continuous flow BBJ,No pause between reps,Technique & standards,Economy,Durability,Moderate,Home or gym,Coach helpful,
RS0436,burpee,1,Burpees for time,25 reps (Paladin),Race pace,Threshold,Durability,High,Gym,Solo OK,
RS0437,burpee,2,RAM weighted burpees,20 reps (DEKA),Race pace,Durability,Balanced Athleticism,High,Gym,Solo OK,
RS0438,burpee,3,Weighted burpees with sandbag or plate,RAM substitute,Race pace,Durability,Balanced Athleticism,High,Gym,Solo OK,
RS0439,burpee,4,Burpees → ball over shoulder,Paladin Zone 4,Compromised (brick),Fatigue Management,Durability,High,Gym,Solo OK,
RS0440,burpee,5,Burpee pacing,1 rep every 3–4 s,Strategy & pacing,Economy,,Moderate,Home or gym,Solo OK,
RS0441,burpee,6,Burpee step-down vs jump-down choice,,Strategy & pacing,Economy,,Low,Home or gym,Solo OK,
RS0442,burpee,7,Burpee standard: hands above shoulders on the jump,,Technique & standards,Economy,,Low,Home or gym,Coach or partner,
RS0443,burpee,8,Burpee standard: chest and thighs to floor,,Technique & standards,Economy,,Low,Home or gym,Coach or partner,
RS0444,burpee,9,RAM grip and placement drill,,Technique & standards,Economy,,Low,Gym,Coach helpful,
RS0445,burpee,10,Burpees from raised heart rate,,Compromised (brick),Fatigue Management,Durability,High,Home or gym,Solo OK,
RS0446,burpee,11,Burpee unbroken sets,"5 × 5, 5 s rest",Race pace,Threshold,Durability,Moderate,Home or gym,Solo OK,
RS0447,burpee,12,Tank push/pull → RAM burpees,DEKA zones 9–10,Compromised (brick),Fatigue Management,Durability,High,Gym,Solo OK,
RS0448,burpee,13,Burpees at the end of a long session,,Compromised (brick),Durability,Fatigue Management,High,Home or gym,Solo OK,
RS0449,burpee,14,Burpee doubles alternating,Sets of 5,Doubles,Threshold,,Moderate,Home or gym,Partner or group,
RS0450,burpee,15,Burpee breathing cadence drill,,Technique & standards,Economy,,Low,Home or gym,Coach helpful,
RS0451,burpee,16,Burpee overload,40 reps,Overload,Durability,Threshold,High,Home or gym,Solo OK,Overload
RS0452,burpee,17,Race finisher: sprint the last 10,Burpees,Strategy & pacing,Threshold,Durability,High,Home or gym,Solo OK,Finish surge
RS0453,burpee,18,Burpees after 800 m run,,Compromised (brick),Fatigue Management,Durability,High,Home or gym,Solo OK,
RS0454,burpee,19,Burpees after 500 m run,,Compromised (brick),Fatigue Management,Durability,High,Home or gym,Solo OK,
RS0455,burpee,20,Weighted-vest burpees at race volume,,Overload,Balanced Athleticism,Durability,High,Home or gym,Solo OK,Overload
RS0456,bear,1,Bear crawl for time,120 m,Race pace,Durability,Threshold,High,Home or gym,Solo OK,
RS0457,bear,2,Bear crawl shuttles with turns,12 × 10 m,Race pace,Durability,Economy,High,Home or gym,Solo OK,
RS0458,bear,3,Bear crawl knees-off standard,,Technique & standards,Economy,,Low,Home or gym,Coach or partner,
RS0459,bear,4,Bear crawl 10 m turn technique,,Technique & standards,Economy,,Low,Home or gym,Coach helpful,
RS0460,bear,5,Push press → bear crawl,DD rounds 8–9,Compromised (brick),Fatigue Management,Durability,High,Home or gym,Solo OK,
RS0461,bear,6,Bear crawl → clean & press,DD rounds 9–10,Compromised (brick),Fatigue Management,Durability,High,Home or gym,Solo OK,
RS0462,bear,7,Bear crawl → 400 m run,,Compromised (brick),Fatigue Management,Durability,High,Home or gym,Solo OK,
RS0463,bear,8,Bear crawl overload,160 m,Overload,Durability,Balanced Athleticism,High,Home or gym,Solo OK,Overload
RS0464,bear,9,Weighted-vest bear crawl,,Overload,Balanced Athleticism,Durability,High,Home or gym,Solo OK,Overload
RS0465,bear,10,Bear crawl steady pace vs bursts test,,Strategy & pacing,Economy,,Moderate,Home or gym,Solo OK,
RS0466,bear,11,Bear crawl breathing rhythm,,Technique & standards,Economy,,Low,Home or gym,Coach helpful,
RS0467,bear,12,Bear crawl from raised heart rate,,Compromised (brick),Fatigue Management,Durability,High,Home or gym,Solo OK,
RS0468,bear,13,Bear crawl doubles alternating,20 m,Doubles,Threshold,,Moderate,Home or gym,Partner or group,
RS0469,bear,14,Bear crawl time target,120 m,Race pace,Threshold,Durability,High,Home or gym,Solo OK,
RS0470,bear,15,Wrist fatigue management,Bear crawl,Strategy & pacing,Economy,Fatigue Management,Low,Home or gym,Solo OK,
RS0471,bear,16,Bear crawl race-pace repeats,3 × 40 m,Race pace,Durability,Threshold,Moderate,Home or gym,Solo OK,
RS0472,bear,17,Bear crawl on race-type surface,,Race prep,Economy,,Moderate,Home or gym,Solo OK,Race rehearsal
RS0473,bear,18,Bear crawl hip-height efficiency drill,,Technique & standards,Economy,,Low,Home or gym,Coach helpful,
RS0474,bear,19,Bear crawl after a heavy carry,,Compromised (brick),Fatigue Management,Durability,High,Home or gym,Solo OK,
RS0475,bear,20,Late-race bear crawl,After 8 labours,Compromised (brick),Durability,Fatigue Management,High,Gym,Solo OK,
RS0476,msu,1,Med ball sit-up throws for time,25 reps (DEKA),Race pace,Durability,Threshold,High,Gym,Solo OK,
RS0477,msu,2,Sit-up throw target accuracy drill,,Technique & standards,Economy,,Low,Gym,Coach helpful,
RS0478,msu,3,Sit-up throw catch-and-go rhythm,,Technique & standards,Economy,,Low,Gym,Coach helpful,
RS0479,msu,4,Box overs → sit-up throws,DEKA zones 3–4,Compromised (brick),Fatigue Management,Durability,High,Gym,Solo OK,
RS0480,msu,5,Sit-up throws → SkiErg,DEKA zones 4–5,Compromised (brick),Fatigue Management,Durability,High,Gym,Solo OK,
RS0481,msu,6,Sit-up throw overload,40 reps,Overload,Durability,Balanced Athleticism,High,Gym,Solo OK,Overload
RS0482,msu,7,Sit-up throws with a heavier ball,,Overload,Balanced Athleticism,Durability,High,Gym,Solo OK,Overload
RS0483,msu,8,Sit-up throw breathing,Exhale on the throw,Technique & standards,Economy,,Low,Gym,Coach helpful,
RS0484,msu,9,Hip flexor fatigue management,Sit-up throws,Strategy & pacing,Economy,Fatigue Management,Low,Gym,Solo OK,
RS0485,msu,10,Sit-up throws from raised heart rate,,Compromised (brick),Fatigue Management,Durability,High,Gym,Solo OK,
RS0486,msu,11,Sit-up throw doubles alternating,Sets of 5,Doubles,Threshold,,Moderate,Gym,Partner or group,
RS0487,msu,12,Sit-up throw time target,25 reps,Race pace,Threshold,Durability,High,Gym,Solo OK,
RS0488,msu,13,Sit-up throw unbroken test,25 reps,Test / time trial,Durability,,Moderate,Gym,Coach or partner,Test
RS0489,msu,14,Sit-up throws after 500 m run,,Compromised (brick),Fatigue Management,Durability,Moderate,Gym,Solo OK,
RS0490,msu,15,DEKA MILE / STRONG sit-up variant,Tap ball between feet,Technique & standards,Economy,,Low,Gym,Coach helpful,
RS0491,msu,16,Late-race sit-up throws,,Compromised (brick),Durability,Fatigue Management,High,Gym,Solo OK,
RS0492,msu,17,Sit-up throw set strategy,15-10,Strategy & pacing,Economy,,Moderate,Gym,Solo OK,
RS0493,msu,18,Sit-up throw height consistency,,Technique & standards,Economy,,Low,Gym,Coach helpful,
RS0494,msu,19,Sit-up foot position test,Butterfly vs anchored,Technique & standards,Economy,,Low,Home or gym,Coach helpful,
RS0495,msu,20,Sit-up throws after SkiErg,Fatigued trunk,Compromised (brick),Fatigue Management,Durability,High,Gym,Solo OK,
